X1,Y1,X2,Y2,Class,Confidence
123,472,273,571,toilet,0.6500183343887329
377,582,594,857,Living Room,0.6025786399841309
